group_name,person
Conformable Decoders,Canan Dagdeviren
Conformable Decoders,Rebecca Grace Reid
Conformable Decoders,David Sadat
Conformable Decoders,Tao Sun
Conformable Decoders,Mohamed Tarek
Personal Fabrication,Neil A. Gershenfeld
Communications Futures Program,Andrew Lippman
Conformable Decoders,Zijun Wei
Conformable Decoders,Atieh Sadraei
Conformable Decoders,Irmandy Wicaksono
Communications Futures Program,Deborah Widener
Communications Futures Program,Richard D. Borovoy
Media and Networks,Andrew Lippman
Media and Networks,Deborah Widener
Health,Alex 'Sandy' Pentland
Space Enabled,Danielle Wood
Space Enabled,Ilham Ali
Space Enabled,Lizbeth Barrios de la Torre
Space Enabled,Matthew Daniels
Space Enabled,Neil Gaikwad
Connection Science and Engineering,Alex 'Sandy' Pentland
Space Exploration Initiative,Maggie Coblentz
Space Enabled,Amy Gouws
Space Enabled,Mujtaba Jebran
Space Enabled,Christine Joseph
Space Enabled,Miles Lifson
Space Enabled,Anisha Nakagawa
Space Exploration Initiative,Ariel Ekblaw
Space Exploration Initiative,Joi Ito
Space Exploration Initiative,Maria Zuber
Space Exploration Initiative,Joseph A. Paradiso
Space Exploration Initiative,Devora Najjar
Space Exploration Initiative,Avery Normandin
Space Exploration Initiative,Xin Liu
Space Exploration Initiative,Neo (Mostafa) Mohsenvand
Space Enabled,Xuenan Ni
Space Enabled,Andrea Porras
Space Enabled,William Sonntag
Space Enabled,Javier Stober
Space Enabled,Cate Waft
Space Enabled,Cynthia Zeng
Space Exploration Initiative,Margarita Mora
Space Exploration Initiative,Chin-Yi Cheng
Space Exploration Initiative,Travis Rich
Space Exploration Initiative,Hae Won Park
Space Exploration Initiative,Anne Liu
Space Exploration Initiative,Leland Melvin
Space Exploration Initiative,Nicole L'Huillier
Space Enabled,Minsu Jung
Space Exploration Initiative,Andrea Ling
Space Exploration Initiative,Levi Cai
Space Exploration Initiative,Sunanda Sharma
Space Exploration Initiative,Daniel Novy
Space Exploration Initiative,Bianca Datta
Space Exploration Initiative,Juliana Cherston
Space Exploration Initiative,Sands Fish
Space Exploration Initiative,Daniel Fitzgerald
Space Exploration Initiative,Jianghong Min
Space Exploration Initiative,Udayan Umapathi
Space Exploration Initiative,Eric Schilling
Space Exploration Initiative,Jeong Seuk Kang
Space Exploration Initiative,Jifei Ou
Space Exploration Initiative,Kristy Johnson
Media Fabrics,Hyun-yeul Lee
Viral Communications,Andrew Lippman
Space Exploration Initiative,Artem Dementyev
Space Exploration Initiative,Daniel Visan Levine
Space Exploration Initiative,Carson Smuts
Space Exploration Initiative,Jie Qi
Space Exploration Initiative,Chrisoula Kapelonis
Space Exploration Initiative,Ishaan Grover
Space Exploration Initiative,Nicholas Barry
Space Exploration Initiative,Amos Golan
Space Exploration Initiative,Pedro Reynolds-Cuellar
Space Exploration Initiative,Nikhita Singh
Space Exploration Initiative,Akshay Mohan
Space Exploration Initiative,Tal Achituv
Space Exploration Initiative,Valentina Sumini
Space Exploration Initiative,Andre Uhl
Space Exploration Initiative,Arielle Johnson
Space Exploration Initiative,Hildreth England
Media Fabrics,Glorianna Davenport
Viral Communications,Deborah Widener
Viral Communications,Travis Rich
Viral Communications,Chong Lee
Viral Communications,Hisham Bedri
Viral Communications,Leopold Mebazaa
Viral Communications,David Anderton
Viral Communications,William (Danny) Hillis
Viral Communications,Britney Johnson
Viral Communications,Agnes Cameron
Viral Communications,Kallirroi Retzepi
Viral Communications,David Oran
Ultimate Media,Andrew Lippman
Space Exploration Initiative,Pinar Yanardag
Space Exploration Initiative,Nan Zhao
Space Exploration Initiative,Sara Taylor
Space Exploration Initiative,Vik Parthiban
Space Exploration Initiative,Neil Gaikwad
Space Exploration Initiative,Helen Bailey
Viral Communications,Mike Hao Jiang
Viral Communications,Polychronis Ypodimatopoulos
Viral Communications,Thariq Shihipar
Viral Communications,Aditya Mohan
Viral Communications,Hisayuki Ohmata
Viral Communications,Lydia Smith
Viral Communications,James Spann
Viral Communications,Tomer Weller
Viral Communications,Yasmine (Jasmin) Rubinovitz
Viral Communications,Brian Tice
Viral Communications,Marie-Jose Montpetit
Viral Communications,Amir Lazarovich
Viral Communications,Vivian Diep
Viral Communications,Michael Naimark
Viral Communications,Kwan Hong Lee
Viral Communications,Andrew J. Sempere
Viral Communications,Dimitris Vyzovitis
Viral Communications,Constantine K. Christakos
Viral Communications,Fulu Li
Viral Communications,Durga P. Pandey
Viral Communications,James Cooley
Viral Communications,Tze Kheng Goh
Viral Communications,Savannah L Niles
Viral Communications,Nicholas Holden
Viral Communications,Shen Shen
Viral Communications,Sung Hyuck Lee
Center for Future Banking,Alex 'Sandy' Pentland
Center for Future Banking,Andrew Lippman
Center for Future Banking,Deb Roy
Center for Future Banking,Joseph A. Paradiso
Center for Future Banking,Pattie Maes
Center for Future Banking,Rosalind W. Picard
Center for Future Banking,Erik S. Ross
Center for Future Banking,Marshall Van Alystne
Future Storytelling,Cynthia Breazeal
Center for Terrestrial Sensing,Aymar Guespereau
Digital Life,Andrew Lippman
Future Storytelling,Kristin Hall
Future Storytelling,Ramesh Raskar
Future Storytelling,Richard Kearney
Future Storytelling,Richard Farrell
Center for Terrestrial Sensing,Hiroshi Ishii
Center for Terrestrial Sensing,Ramesh Raskar
Center for Terrestrial Sensing,Pattie Maes
Center for Terrestrial Sensing,Joseph A. Paradiso
Digital Life,Deborah Widener
Digital Life,Henry Holtzman
Digital Life,Marc B. Keller
Digital Life,Bruce M. Blumberg
Information Ecology,Henry Holtzman
CE 2.0,Henry Holtzman
quanta,Ike Chuang
Information Ecology,Lisa S. Lieberson
Information Ecology,Arlene Ducao
CE 2.0,Kristin Hall
NEXT,Andrew Lippman
Information Ecology,Bram van de Laar
NEXT,Barry L. Vercoe
NEXT,Cynthia Breazeal
NEXT,Hiroshi Ishii
NEXT,Tod Machover
NEXT,Rosalind W. Picard
Information Ecology,Daniel E Schultz
Information Ecology,David Zafrilla Gonzalez
NEXT,Chris Csikszentmih치lyi
Information Ecology,Evan Kutsko
Information Ecology,Jean Cha
Information Ecology,John Kestner
Information Ecology,Konosuke Watanabe
Information Ecology,Mariana Baca
Information Ecology,Matt Hirsch
Information Ecology,Taejun Park
X-Reality Working Group,Cynthia Breazeal
Physical Language Workshop,Luis Blackaller
X-Reality Working Group,Polly R. Guggenheim
X-Reality Working Group,Joseph A. Paradiso
Physical Language Workshop,Ishwinder Kaur
Physical Language Workshop,Megan L Galbraith
Physical Language Workshop,Amna Cavalic-Carreiro
Social Health Living Laboratory,Alex 'Sandy' Pentland
Social Health Living Laboratory,Frank Moss
Social Health Living Laboratory,Nicole N. Freedman
Interactive Cinema,Glorianna Davenport
Operations and Strategy,Marwan Cheguenni
Operations and Strategy,Barak Berkowitz
Operations and Strategy,Liz Rietz
Computing Culture,Nicole N. Freedman
Computing Culture,Annina Rust
Computing Culture,Benjamin C. Hill
Computing Culture,Chris Csikszentmih치lyi
Computing Culture,Edmund (Ming-Yip) Kwong
Computing Culture,Gemma L. Shusterman
Digital Nations,Walter Bender
SIMPLICITY,Walter Bender
Digital Nations,Alex 'Sandy' Pentland
Digital Nations,Barry L. Vercoe
Digital Nations,Deb Roy
Digital Nations,Mitchel Resnick
Digital Nations,Seymour A. Papert
Digital Nations,Joseph M. Jacobson
Digital Nations,Glorianna Davenport
Digital Nations,Neil A. Gershenfeld
SIMPLICITY,Alex 'Sandy' Pentland
SIMPLICITY,Amna Cavalic-Carreiro
SIMPLICITY,Cynthia Breazeal
SIMPLICITY,Deb Roy
SIMPLICITY,Glorianna Davenport
SIMPLICITY,Henry Holtzman
"Music, Mind and Machine",Barry L. Vercoe
SIMPLICITY,Hiroshi Ishii
SIMPLICITY,Seymour A. Papert
SIMPLICITY,Rosalind W. Picard
SIMPLICITY,Marvin L. Minsky
SIMPLICITY,Mitchel Resnick
SIMPLICITY,Tod Machover
SIMPLICITY,Pattie Maes
SIMPLICITY,Chris Csikszentmih치lyi
SIMPLICITY,Joseph A. Paradiso
"Music, Mind and Machine",Cheng Huang
"Music, Mind and Machine",Eben Goodale
"Music, Mind and Machine",Frank  Joe J. Pompei
"Music, Mind and Machine",John Harrison
"Music, Mind and Machine",Owen C. Meyers
"Music, Mind and Machine",Paris Smaragdis
"Music, Mind and Machine",Victor G. Adan
"Music, Mind and Machine",Wei Chai
"Music, Mind and Machine",Youngmoo E. Kim
Nanomedia,Joseph M. Jacobson
Affiliates,Takahiro Kawahara
Affiliates,Sebastian Zepf
Affiliates,Kaori Kikuchi
Affiliates,Andrew bunnie Huang
Affiliates,Jun Pan
Affiliates,James Kondo
Affiliates,Takahito Ito
Affiliates,Thomas Osgood
Affiliates,Akiko Fujise
Affiliates,Anthony Russello
Affiliates,Arata Miyamoto
Affiliates,David Robert
Affiliates,Dong Ho Lee
Affiliates,"Fanghong ""Frank"" Yan"
Affiliates,Hisayuki Ohmata
Affiliates,Hotaek Hong
Affiliates,Jin Kyung Lee
Autism & Communication Technology Initiative,Matthew S. Goodwin
Affiliates,Joo Yeon Sung
Affiliates,Juergen Steimle
Affiliates,Jun Deguchi
Affiliates,Junghae Seo
Affiliates,Junghoon Yoon
Affiliates,Konosuke Watanabe
Autism & Communication Technology Initiative,Rosalind W. Picard
Affiliates,LaeYoung Kim
Affiliates,Maojie Sun
Affiliates,Marc B. Keller
Affiliates,Michael J. Hawley
Affiliates,Michiyo Kubota
Affiliates,Patrick E. Monahan
Affiliates,Paulo Bliksetin
Affiliates,Peiyong Xia
Affiliates,Shinji Niwa
Affiliates,Simon Thompson
Affiliates,Tze Kheng Goh
Affiliates,Xiangbin Yang
Center for Mobile Learning,Andrew McKinney
Affiliates,Yasutsugu Nagatomi
Affiliates,Young Dae Ko
Affiliates,Yuki Minoda
Affiliates,Yukiko Oshio
Affiliates,Yusuke Sekikawa
Affiliates,Zhe Cao
Center for Mobile Learning,Eric Klopfer
Center for Mobile Learning,Hal Abelson
Center for Mobile Learning,Jason Matthew Haas
Center for Mobile Learning,Linas Valiukas
Center for Mobile Learning,Mitchel Resnick
Center for Mobile Learning,David Wolber
Center for Mobile Learning,Jose Dominguez
Center for Mobile Learning,Michael Paul Medlock-Walton
Connection Science,Mary Kaltenberg
Connection Science,Nikita Pestrov
Connection Science,Alexander Radebach
Connection Science,Wen Cheng
Connection Science,Manuel Aristaran
Connection Science,Mirela Petkova
Connection Science,Jermain Christopher Kaminski
Connection Science,Shella Saintcyr
Connection Science,Lydia Smith
Connection Science,Dominik Hartmann
Connection Science,Talia Kaufmann
Connection Science,Miguel Guevara
Connection Science,Daniel Smilkov
Connection Science,Amy Yu
Connection Science,Deepak Jagdish
Center for Bits and Atoms,Amira Abdel-Rahman
Chairman's Office,Nicholas Negroponte
Connection Science,Alexander James Gaspar Simoes
Connection Science,Phil Salesses
Connection Science,Alex 'Sandy' Pentland
Center for Bits and Atoms,Sara Falcone
Chairman's Office,David M. Robertson
Center for Bits and Atoms,Jun Ni
Center for Bits and Atoms,Theresa Hagen
Center for Bits and Atoms,Filippos Tourlomousis
Center for Bits and Atoms,Jake Read
Center for Bits and Atoms,James Prue
Center for Bits and Atoms,Neil A. Gershenfeld
Smart Cities,Carlo Ratti
Center for Bits and Atoms,Joseph M. Jacobson
Center for Bits and Atoms,Sherry J. Lassiter
Gray Matters,Walter Bender
Smart Cities,Edward Fredkin
Center for Bits and Atoms,Andreas Mershin
Center for Bits and Atoms,Joe Murphy
Center for Bits and Atoms,Jamie Severson
Center for Bits and Atoms,Ryan Walsh
Center for Bits and Atoms,Tom Lutz
Object-Based Media,Nina Lutz
Development,Kelly Gavin
Smart Cities,Edward A. Hirsch
Smart Cities,Eric F. Weber
Smart Cities,Philip A. Liang
Center for Bits and Atoms,Nadya Peek
Center for Bits and Atoms,Rui Qing
Center for Bits and Atoms,Samuel Calisch
Center for Bits and Atoms,Grace Copplestone
Center for Bits and Atoms,benjamin jenett
Object-Based Media,Aubrey Simonson
Development,Peter Cohen
Development,Signe Swenson
Center for Bits and Atoms,Amanda Ghassaei
Center for Bits and Atoms,William Langford
Center for Bits and Atoms,Prashant Patil
Object-Based Media,Shoichiro Sekiguchi
Object-Based Media,Chong Lee
Object-Based Media,Alex Westner
Object-Based Media,Emily Salvador
Object-Based Media,Vik Parthiban
Object-Based Media,Kaori Kikuchi
Object-Based Media,Michael Hegg
Object-Based Media,Jun Pan
Object-Based Media,V. Michael Bove
Object-Based Media,Ali Shtarbanov
Object-Based Media,Andrew MacInnes
Object-Based Media,Bianca Datta
Object-Based Media,Daniel Novy
Center for Bits and Atoms,Eric VanWyk
Center for Bits and Atoms,Qiuyi Han
Center for Bits and Atoms,Kenny Cheung
Center for Bits and Atoms,John Paul DiFrancesco
Center for Bits and Atoms,Ara Knaian
Object-Based Media,Edwina Portocarrero
Object-Based Media,Everett Lawson
Object-Based Media,Kristin Hall
Object-Based Media,Laura Perovich
Object-Based Media,Nickolaos Savidis
Object-Based Media,Pedro Colon-Hernandez
Social Computing,Amanda Masson
Center for Bits and Atoms,Matthew Keeter
Center for Bits and Atoms,Hongzhi Tang
Center for Bits and Atoms,Ernest Rehmi Post
Center for Bits and Atoms,Jean-Luc Pierite
Center for Bits and Atoms,Kailing Chen
Object-Based Media,Philippa Mothersill
Object-Based Media,Sunny Jolly
Object-Based Media,Andy Bardagjy
Object-Based Media,Arata Miyamoto
Social Computing,Sepandar Kamvar
Social Computing,Caroline Jaffe
Social Computing,Dina Amsterdam
Social Computing,Gal Koren
Social Computing,Gloria Mark
Social Computing,Jia Zhang
Social Computing,Kim Holleman
Center for Bits and Atoms,Michael Benson
Center for Bits and Atoms,Nan Zhao
Center for Bits and Atoms,Amy Sun
Center for Bits and Atoms,David S. Kong
Center for Bits and Atoms,Fei Tao
Object-Based Media,Brandon Taylor
Object-Based Media,Caroline Rozendo
Object-Based Media,Carrie Fowle
Object-Based Media,Daniel Smalley
Object-Based Media,Daniele J. Dubois
Object-Based Media,David Cranor
Object-Based Media,Diane Hirsh
Object-Based Media,Ermal Dreshaj
Object-Based Media,Eun Dong Shin
Object-Based Media,Jacky Mallett
Object-Based Media,Jeevan J. Kalanithi
Object-Based Media,Kazuki Nakamura
Object-Based Media,Lingyun Sun
Object-Based Media,Paula Dawson
Object-Based Media,Quinn Smithwick
Social Computing,Kimberly Smith
Center for Bits and Atoms,Jelena Mandic
Center for Bits and Atoms,Kerry E. Lynn
Center for Bits and Atoms,Patricia Tolan
Object-Based Media,Romulo Del Tedesco Zamberlan
Object-Based Media,Sang-Tae Park
Social Computing,Kristina Bonikowski
Social Computing,Nazmus Saquib
Social Computing,Cameron Snaith
Social Computing,Elizabeth Christoforetti
Social Computing,Jay Liddell
Social Computing,Joshua Sarantitis
Social Computing,Katelyn Ryan
Social Computing,Melody Abedinejad
Social Computing,Neil Molino
Social Computing,Pranav Ramkrishnan
Center for Bits and Atoms,Saravanakumar Narayanan
Center for Bits and Atoms,Theresa Tomic
Center for Bits and Atoms,Yael G. Maguire
Center for Bits and Atoms,Yedidya Vardi
Sculpting Evolution,Dana Gretton
Object-Based Media,Santiago Eloy Alfaro
Object-Based Media,Stefan P. Agamanolis
Object-Based Media,Valerio Panzica La Manna
Object-Based Media,Yukiko Oshio
Playful Systems,Amanda Masson
Social Computing,Ramell Ross
Social Computing,Samantha Ainsley
Social Computing,Stephen Rife
Social Computing,Sakshi Gupta
Social Computing,Salman Ahmad
Social Computing,Yonatan Cohen
Social Computing,Shantell Martin
Social Computing,Wesam Manassra
Sculpting Evolution,Jeantine Lunshof
Sculpting Evolution,Ashton Strait
Sculpting Evolution,Christopher Burtner
Sculpting Evolution,Stephen Von Stetina
Sculpting Evolution,Kristina Bonikowski
Sculpting Evolution,Kevin Esvelt
Sculpting Evolution,Cody Gilleland
Sculpting Evolution,Devora Najjar
Sculpting Evolution,Erika Alden DeBenedictis
Playful Systems,Kevin Slavin
Playful Systems,Benjamin Berman
Playful Systems,Kim Holleman
Playful Systems,Kristina Bonikowski
Playful Systems,Maurice Ashley
Playful Systems,Michael Lazer Walker
Playful Systems,Miguel Perez
Playful Systems,Che-Wei Wang
Playful Systems,Gabriel Miller
Terrestrial Sensing,Aymar Guespereau
Sculpting Evolution,Georgiana Ujomu
Playful Systems,Gregory Borenstein
Playful Systems,Janice Wang
Playful Systems,Jonathan Bobrow
Playful Systems,Joscha Bach
Playful Systems,Julie Legault
Playful Systems,Kamal Farah
Playful Systems,Lydia Smith
Playful Systems,Melody Abedinejad
Terrestrial Sensing,Hiroshi Ishii
Terrestrial Sensing,Ramesh Raskar
Terrestrial Sensing,Pattie Maes
Sculpting Evolution,Joanna Buchthal
Sculpting Evolution,Jianghong Min
Playful Systems,Shella Saintcyr
Playful Systems,Shoshannah Tekofsky
Playful Systems,Taylor Levy
Terrestrial Sensing,Joseph A. Paradiso
Electronic Publishing,Sunil Vemuri
Electronic Publishing,Joan M DiMicco
Electronic Publishing,Cameron A. Marlow
Electronic Publishing,Carla Gomez-Monroy
Electronic Publishing,Luke O. Ouko
Electronic Publishing,Scott G. Vercoe
Electronic Publishing,Walter Bender
Advancing Wellbeing,Rosalind W. Picard
Advancing Wellbeing,Pattie Maes
Advancing Wellbeing,Hiroshi Ishii
Advancing Wellbeing,Karthik Dinakar
Advancing Wellbeing,Ramesh Raskar
Code Next,Julia Schachnik
Visiting Appointments,Ana Lopez
Hundred-Dollar Laptop,Michail Bletsas
Code Next,"Colin ""Topper"" Carew"
Code Next,Beckett Dunning
Code Next,Lara Holt
Visiting Appointments,Matt Dunne
Visiting Appointments,Mark Halko
Visiting Appointments,Haijing Hao
Visiting Appointments,Yasushi Ikeda
Visiting Appointments,Takahiro Kawahara
Visiting Appointments,Jeannie Stamberger
Visiting Appointments,Cody Gilleland
Visiting Appointments,Bjoern Eskofier
Visiting Appointments,Chong Lee
Visiting Appointments,Teresa Farinha
Visiting Appointments,Matthew Daniels
Visiting Appointments,Yang Liu
Visiting Appointments,William Sonntag
Visiting Appointments,Achuta Kadambi
Visiting Appointments,Akito Oshiro van Troyer
Hundred-Dollar Laptop,Mitchel Resnick
Hundred-Dollar Laptop,Joseph M. Jacobson
Hundred-Dollar Laptop,Tod Machover
Hundred-Dollar Laptop,Seymour A. Papert
Hundred-Dollar Laptop,Nia Lewis
Ethics,Amin Manna
Center for Civic Media,Surya Mattu
Visiting Appointments,William Graylin
Visiting Appointments,Sebastian Zepf
Visiting Appointments,Hajime Kuwayama
Visiting Appointments,Savio Wong
Visiting Appointments,Jordi Albo-Canals
Visiting Appointments,Yehonatan Sella
Ethics,Kevin Slavin
Ethics,Edward Boyden
Ethics,Jeantine Lunshof
Center for Civic Media,Stephen Rife
Center for Civic Media,Daniel Minty
Center for Civic Media,Nicole N. Freedman
Center for Civic Media,Ethan Zuckerman
Center for Civic Media,Adrienne Debigare
Center for Civic Media,Amber Case
Visiting Appointments,Yongxin Zhao
Visiting Appointments,Yafei Zhang
Visiting Appointments,Paul Rimba
Visiting Appointments,Daniel Maskit
Visiting Appointments,Roberto Pieraccini
Visiting Appointments,Victor Moran Rodriguez
Visiting Appointments,Terumi Umematsu
Visiting Appointments,Paul Strohmeier
Visiting Appointments,Janet Baker
Visiting Appointments,Takeo Nishikata
Visiting Appointments,Harpreet Sareen
Visiting Appointments,Clement Duhart
Visiting Appointments,Toshihiro Koda
Visiting Appointments,Agata Lapedriza Garcia
Ethics,Linda Krause
Ethics,Chelsea Barabas
Ethics,Madars Virza
Ethics,Tenzin Priyadarshi
Ethics,Joi Ito
Ethics,Alex 'Sandy' Pentland
Ethics,Iyad Rahwan
Ethics,Ethan Zuckerman
Ethics,Karthik Dinakar
Ethics,Dhaval Adjodah
Ethics,George Church
Center for Extreme Bionics,Joseph M. Jacobson
Center for Civic Media,Anushka Shah
Center for Civic Media,Catherine D'Ignazio
Center for Civic Media,"Christopher ""Akiba"" Wang"
Center for Civic Media,Cindy Bishop
Center for Civic Media,Donald Blair
Center for Civic Media,Emilie Reiser
Visiting Appointments,Juan Enriquez
Visiting Appointments,Barrak Darweesh
Center for Extreme Bionics,Robert Langer
Center for Extreme Bionics,Canan Dagdeviren
Center for Extreme Bionics,Hugh Herr
Center for Extreme Bionics,Edward Boyden
Center for Extreme Bionics,Kevin Esvelt
Center for Civic Media,Lorrie LeJeune
Center for Civic Media,Mika Kanaya
Center for Civic Media,Millie Chu Baird
Center for Civic Media,Molly Sauter
Center for Civic Media,Natalie Gyenes
Center for Civic Media,Pieter Franken
Center for Civic Media,Rahul Bhargava
Center for Civic Media,Ronaldo Lemos
Center for Civic Media,Sean Bonner
Visiting Appointments,Shigeru Iino
Visiting Appointments,Barmak Heshmat Dehkordi
Visiting Appointments,Wesley Chow
Visiting Appointments,Christopher Wren
Visiting Appointments,Habib Haddad
Visiting Appointments,Chuang Deng
Visiting Appointments,Nadya Peek
Visiting Appointments,Hsien-I Lin
Visiting Appointments,Michael Koehrsen
Visiting Appointments,Eiji Yoshida
Visiting Appointments,Peter Beshai
Center for Civic Media,Whitney Erin Boesel
Center for Civic Media,Amy Webb
Center for Civic Media,Chris Csikszentmih치lyi
Center for Civic Media,Dalia Othman
Center for Civic Media,David Zwarg
Center for Civic Media,Dylan Wrynn
Center for Civic Media,Edward Platt
Center for Civic Media,Helena Puig Larrauri
Center for Civic Media,Hiromi Onishi
Center for Civic Media,Ingeborg Endter
Center for Civic Media,Maojie Sun
Visiting Appointments,Xiaowen Dong
Visiting Appointments,Christopher Burtner
Visiting Appointments,Nicole Bakker
Visiting Appointments,Khaled Al-Ghoneim
Visiting Appointments,Adam Marblestone
Visiting Appointments,Alexander Auerbach
Visiting Appointments,Nicolas Hogan
Visiting Appointments,Zeguan Wang
Visiting Appointments,Jin Joo Lee
Lifelong Kindergarten,Benjamin Wheeler
Center for Civic Media,Marco Bani
Center for Civic Media,Matthew Carroll
Center for Civic Media,Mayo Morell
Center for Civic Media,Michiyo Kubota
Center for Civic Media,Nitin Sawhney
Visiting Appointments,Xuhai Xu
Visiting Appointments,Xavier Lambein
Visiting Appointments,Hancheng Cao
Visiting Appointments,Aske Mottelson Clausen
Visiting Appointments,Lior Aharoni
Visiting Appointments,Shoh Asano
Visiting Appointments,Mohammed Aamir
Visiting Appointments,Rebekah Larsen
Visiting Appointments,Manish Singh
Visiting Appointments,Gabriel Teninbaum
Visiting Appointments,Aditya Khosla
Visiting Appointments,Neeraj Saini
Visiting Appointments,Francesco Marconi
Lifelong Kindergarten,Lily Gabaree
Lifelong Kindergarten,Marian Muthui
Lifelong Kindergarten,Mitchel Resnick
Lifelong Kindergarten,Abisola Okuk
Lifelong Kindergarten,Kristin Osiecki
Lifelong Kindergarten,Natalie Rusk
Lifelong Kindergarten,Bryce Taylor
Lifelong Kindergarten,Leo Burd
Lifelong Kindergarten,Tina Quach
Lifelong Kindergarten,Carl Bowman
Lifelong Kindergarten,Jie Qi
Lifelong Kindergarten,Christan Balch
Lifelong Kindergarten,Chris Garrity
Center for Civic Media,Regan St. Pierre
Center for Civic Media,Sean Wheeler
Center for Civic Media,Yesica Guerra
Lifelong Kindergarten,Colby Gutierrez-Kraybill
Lifelong Kindergarten,Champika Fernando
Lifelong Kindergarten,Shruti Dhariwal
Lifelong Kindergarten,Sean Hickey
Lifelong Kindergarten,Paul Kaplan
Lifelong Kindergarten,Di Liu
Lifelong Kindergarten,Kreg Hanning
Lifelong Kindergarten,Sarah Otts
Lifelong Kindergarten,Carmelo Presicce
Lifelong Kindergarten,Eric Rosenbaum
Lifelong Kindergarten,Yumiko Murai
Lifelong Kindergarten,Eric Schilling
Lifelong Kindergarten,Andrew Sliwinski
Lifelong Kindergarten,Tracy Tang
Lifelong Kindergarten,Jaleesa Trapp
Lifelong Kindergarten,John H. Maloney
Lifelong Kindergarten,Karen Brennan
Lifelong Kindergarten,Christopher Willis-Ford
Lifelong Kindergarten,Kazutoyo Takata
Lifelong Kindergarten,Amon D. Millner
Lifelong Kindergarten,Moran Tsur
Lifelong Kindergarten,Claudia Urrea
Emerging Worlds,Pratik Shah
Future Storytelling,Cynthia Breazeal
Lifelong Kindergarten,Matthew Taylor
Lifelong Kindergarten,Kasia Chmielinski
Lifelong Kindergarten,Andrew Begel
Lifelong Kindergarten,Juanita Buitrago
Lifelong Kindergarten,Abdulrahman Y. idlbi
Pixel Factory,Cesar A. Hidalgo
Emerging Worlds,Aymar Guespereau
Emerging Worlds,Ramesh Raskar
Emerging Worlds,Margaret Church
Emerging Worlds,Beth Zonis
Future Storytelling,Ramesh Raskar
Future Storytelling,Kristin Hall
Lifelong Kindergarten,Shane Clements
Pixel Factory,Jessica Rais
Pixel Factory,Manuel Aristaran
Signal Kinetics,Nicholas Selby
Lifelong Kindergarten,Sayamindu Dasgupta
Signal Kinetics,Fadel Adib
ML Learning,Elise Roth
Lifelong Kindergarten,Julia Zimmerman
Lifelong Kindergarten,Timothy Mickel
Lifelong Kindergarten,Steven Dale
Lifelong Kindergarten,David A. Mellis
Lifelong Kindergarten,Jennifer Jacobs
Lifelong Kindergarten,Ricarose Roque
Lifelong Kindergarten,Saskia Leggett
Lifelong Kindergarten,Alisha Panjwani
Lifelong Kindergarten,Elisabeth Sylvan
Lifelong Kindergarten,Srishti Sethi
Lifelong Kindergarten,Tiffany Tseng
Lifelong Kindergarten,Jay Saul Silver
Lifelong Kindergarten,Karishma Chadha
Signal Kinetics,Priscilla Capistrano
Signal Kinetics,Yunfei Ma
Signal Kinetics,Zhihong Luo
Signal Kinetics,Junsu Jang
Signal Kinetics,Manish Singh
Signal Kinetics,Unsoo Ha
ML Learning,J. Philipp Schmidt
ML Learning,Katherine McConachie
ML Learning,Yumiko Murai
ML Learning,Maggie Cohen
ML Learning,Genevieve Barrons
ML Learning,Helen Bailey
ML Learning,Noor Eddin  Amer
ML Learning,Stefania Druga
ML Learning,Kreg Hanning
ML Learning,Kristy Johnson
ML Learning,Joy Buolamwini
ML Learning,Jacqueline M Kory Westlund
ML Learning,Anneli Hershman
Lifelong Kindergarten,Mark Ferrell
Lifelong Kindergarten,Amos Blanton
ML Learning,Mina Khan
ML Learning,Shruti Dhariwal
ML Learning,Christian David Vazquez Machado
ML Learning,Kimberly Smith
ML Learning,Akito Oshiro van Troyer
Lifelong Kindergarten,Margarita Dekoli
Lifelong Kindergarten,Evelyn Eastmond
Lifelong Kindergarten,Linda Garmon
Lifelong Kindergarten,Andres Monroy-Hernandez
Lifelong Kindergarten,Ray Schamp
Lifelong Kindergarten,Tamara Stern
Lifelong Kindergarten,Nobuyuki Ueda
Lifelong Kindergarten,Oren Zuckerman
Digital Currency Initiative (DCI),Neha Narula
Digital Currency Initiative (DCI),Gary Gensler
Software Agents,Henry A. Lieberman
Digital Currency Initiative (DCI),Joi Ito
Digital Currency Initiative (DCI),Wladimir van der Laan
Digital Currency Initiative (DCI),Mark Weber
Digital Currency Initiative (DCI),Chelsea Barabas
Digital Currency Initiative (DCI),Thaddeus Dryja
Digital Currency Initiative (DCI),Julia Schachnik
Digital Currency Initiative (DCI),Cory Fields
Digital Currency Initiative (DCI),Michael Casey
Digital Currency Initiative (DCI),Robleh Ali
Digital Currency Initiative (DCI),Alin Dragos
Digital Currency Initiative (DCI),Gavin Andresen
Ethics and Governance of Artificial Intelligence,Chelsea Barabas
Software Agents,Akiko Dufoe
Software Agents,Anthony Russello
Software Agents,Birago Jones
Software Agents,Christopher Fry
Software Agents,Chenghua Li
Software Agents,Dustin A. Smith
Software Agents,Earl J Wagner
Ethics and Governance of Artificial Intelligence,J Nathan Matias
Ethics and Governance of Artificial Intelligence,Madars Virza
Ethics and Governance of Artificial Intelligence,Karthik Dinakar
Ethics and Governance of Artificial Intelligence,Natalie Saltiel
Ethics and Governance of Artificial Intelligence,Iyad Rahwan
Ethics and Governance of Artificial Intelligence,Jonathan Zittrain
Ethics and Governance of Artificial Intelligence,Andre Uhl
Community Biotechnology,Sara Sprinkhuizen
Software Agents,Jose H. Espinosa
Software Agents,Junia Anacleto
Software Agents,Moin Ahmad
Software Agents,Pei Yu (Peggy) Chi
Software Agents,Robert Speer
Software Agents,Xiangbin Yang
Software Agents,Ying Li
Software Agents,Yen-Ling Kuo
Software Agents,Ye Hong
Ethics and Governance of Artificial Intelligence,Gretchen Greene
Ethics and Governance of Artificial Intelligence,Joi Ito
Ethics and Governance of Artificial Intelligence,Tenzin Priyadarshi
Community Biotechnology,Julia Schachnik
Community Biotechnology,Mary Tsang
Community Biotechnology,Alexandria Guo
Community Biotechnology,Alyda Huerta
Community Biotechnology,Nina Wang
Community Biotechnology,Udayan Umapathi
Community Biotechnology,Nicole Bakker
Community Biotechnology,David S. Kong
Tangible Media,Carlton Sparrell
Living Labs,Alex 'Sandy' Pentland
Tangible Media,Clark Della Silva
Tangible Media,David Lakatos
Living Labs,Nicole N. Freedman
Next Billion Network,Alex 'Sandy' Pentland
Tangible Media,Yasutsugu Nagatomi
Tangible Media,Oksana Anilionyte
Tangible Media,Penelope Eugenia Webb
Tangible Media,Wen Wang
Tangible Media,Udayan Umapathi
Tangible Media,Luke Vink
Tangible Media,Jannik Peters
Tangible Media,Junghae Seo
Tangible Media,Fang Qing
Tangible Media,Philipp Caesar
Tangible Media,Guanyun Wang
Tangible Media,Denise Campbell
Tangible Media,Shinji Niwa
Tangible Media,Mary Niskala
Tangible Media,Alex Olwal
Tangible Media,Benjamin Waber
Tangible Media,Richard H. Whitney III
Next Billion Network,Mitchel Resnick
Next Billion Network,Andrew Lippman
Tangible Media,Amanda J. Parkes
Tangible Media,Jamie Zigelbaum
Tangible Media,James Patten
Tangible Media,Daniel Leithinger
Tangible Media,Leonardo A. Bonanni
Tangible Media,Felix Heibeck
Tangible Media,Natalia Villegas
Tangible Media,Basheer Tome
Tangible Media,Jean-Baptiste (JB) Labrune
Tangible Media,Valentina Sumini
Tangible Media,Takatoshi Yoshida
Tangible Media,Kyung Yun Choi
Tangible Media,Deema Qashat
Tangible Media,Nikolaos Vlavianos 
Center for Bits and Atoms,Joe Murphy
Sociable Media,Orkan T. Telhan
Tangible Media,Hiroshi Ishii
Tangible Media,Amos Golan
Center for Bits and Atoms,Neil A. Gershenfeld
Center for Bits and Atoms,Joseph M. Jacobson
Sociable Media,Fernanda B. Viegas
Sociable Media,Francis Lam
Sociable Media,Dietmar Offenhuber
Sociable Media,Karrie Karahalios
Sociable Media,Nicole N. Freedman
Tangible Media,Daniel Visan Levine
Tangible Media,Ken Nakagaki
Tangible Media,Jifei Ou
Tangible Media,Lining Yao
Tangible Media,Paula Aguilera
Tangible Media,Xiao Xiao
Tangible Media,Mohammed Aamir
Tangible Media,Anthony DeVincenzi
Tangible Media,Anna Pereira
Tangible Media,Austin S. Lee
Tangible Media,Adam Kumpf
Tangible Media,Cati Vaucelle
Tangible Media,Daniel Tauber
Tangible Media,Hiroshi Chigira
Tangible Media,James E. Gouldstone
Tangible Media,Jinha Lee
Tangible Media,Jin Kyung Lee
Tangible Media,Joo Yeon Sung
Tangible Media,Mahoro Anabuki
Tangible Media,Philipp Schoessler
Tangible Media,Masahiro Watanabe
Tangible Media,Sheng Kai Tang
Tangible Media,Sean Follmer
Tangible Media,Shunichi Kasahara
Tangible Media,Simon Thompson
Things That Think,Hiroshi Ishii
Tangible Media,Vincent Leclerc
Tangible Media,Toshihiro Nakae
Tangible Media,Yusuke Sekikawa
Things That Think,Joseph A. Paradiso
Things That Think,Mirei Rioux
Things That Think,Rosalind W. Picard
Things That Think,Hsiu-Hsien Chiang
Things That Think,Jan Bosch
Things That Think,Jimmy Park
Things That Think,Natalia Villegas
Things That Think,Sachiko Grimes
Things That Think,Lily Fu
Physics and Media,Irene Pepperberg
Physics and Media,Neil A. Gershenfeld
New Media Medicine,Frank Moss
New Media Medicine,Tesha Myers
New Media Medicine,Scott Gilroy
Future of Learning,Seymour A. Papert
New Media Medicine,John Moore
Society of Mind,Marvin L. Minsky
Digital Intuition,Catherine Havasi
Digital Intuition,Hooyoung Chung
Digital Intuition,Kasia Hayden
Digital Intuition,Victor Wang
Digital Intuition,Robert Speer
Design Ecology,David Small
Design Ecology,Agnes  Chang
Design Ecology,Richard The
High-Low Tech,Leah Buechley
High-Low Tech,Diane Willow
High-Low Tech,Hannah Perner-Wilson
High-Low Tech,Samuel Jacoby
eRationality,Dan Ariely
eRationality,Nina Mazar
eRationality,Rebecca Waber
Knowledge Futures,Travis Rich
Knowledge Futures,Joi Ito
Knowledge Futures,William (Danny) Hillis
Knowledge Futures,Andrew Lippman
Biomechatronics,Joel Huegel
Open Agriculture (OpenAg),Caleb Harper
Biomechatronics,Hugh Herr
City Science,Weiting Xiong
Open Agriculture (OpenAg),Hildreth England
Open Agriculture (OpenAg),Alexander Auerbach
Open Agriculture (OpenAg),Babak Babakinejad
Open Agriculture (OpenAg),Rob Baynes
Open Agriculture (OpenAg),Paula Cerqueira
Open Agriculture (OpenAg),Arielle Johnson
Open Agriculture (OpenAg),Sebastian Nowak
Open Agriculture (OpenAg),Daniel Poitrast
Open Agriculture (OpenAg),Tim Savas
Civic Media,Ethan Zuckerman
Biomechatronics,Xingbang Yang
Biomechatronics,Seong Ho Yeon
Biomechatronics,Michael Nawrot
Biomechatronics,Emily Rogers 
Biomechatronics,Tsung-Han Hsieh
Biomechatronics,Lindsey Reynolds
Biomechatronics,Tony Shu
Biomechatronics,Lisa Freed
City Science,Kent Larson
City Science,Chien-Yu Lin
City Science,Ariel Noyman
City Science,Margaret Church
City Science,Abhishek Agarwal
City Science,Mary Heckbert
City Science,Ana Lopez
City Science,Michael Lin
Open Agriculture (OpenAg),David Zack
Civic Media,Lorrie LeJeune
Civic Media,Emily Boardman Ndulue
Civic Media,Emilie Reiser
Civic Media,Daniel Minty
Biomechatronics,Dana Solav
Biomechatronics,Bryan Ranger
Biomechatronics,Cameron Taylor
Biomechatronics,Benjamin Maimon
Biomechatronics,David Hill
Biomechatronics,Kevin Mattheus Moerman
Biomechatronics,Matt Weber
City Science,Yago Lizaribar Carrillo
City Science,Xuesong Zhang
City Science,Yan Zhang
City Science,Jerry Wei Hua Yao
City Science,Carson Smuts
City Science,Arnaud Grignard
City Science,Lucas Cassiano Pereira Silva
City Science,Yasushi Ikeda
City Science,Ting-Kai Chang
Collective Learning,Cesar A. Hidalgo
Civic Media,Rahul Bhargava
Civic Media,Erhardt Graeff
Civic Media,Joy Buolamwini
Civic Media,Alexis Hope
Civic Media,Jia Zhang
Civic Media,J Nathan Matias
Civic Media,Cindy Bishop
Civic Media,Anushka Shah
Civic Media,Natalie Gyenes
Civic Media,Sasha Costanza-Chock
Civic Media,Khalida Brohi
Civic Media,Willow Brugh
Civic Media,Claudia Orellana Rodriguez
Civic Media,Rebekah Larsen
Civic Media,Mika Kanaya
Civic Media,Samuel Barros
Civic Media,Sands Fish
Civic Media,Adeline Gabriela Silva Gil
Biomechatronics,Roman Stolyarov
Biomechatronics,Matthew Carney
Biomechatronics,Tyler Clites
Biomechatronics,Shriya Srinivasan
Biomechatronics,Bruce W. Deffenbaugh
Biomechatronics,Ken A. Pasch
Biomechatronics,Arthur J Petron
Biomechatronics,Ron Riso
Biomechatronics,Matthew Carty
Biomechatronics,Steven Keyes
Biomechatronics,Jiun-Yih Kuan
Biomechatronics,Yasmin Graham
Biomechatronics,Michael Eilenberg
Biomechatronics,Matthew Orton
Biomechatronics,Neelakantan Sunder
Biomechatronics,Anthony Nicholas Zorzos
Biomechatronics,Zixi Liu
City Science,Thomas Sanchez Lengeling
City Science,Yang Liu
City Science,Juanita Devis
City Science,Yasushi Sakai
City Science,Federico Casalegno
Collective Learning,Jessica Rais
Collective Learning,Jingxian Zhang
Collective Learning,Flavio L. Portas Pinheiro
Collective Learning,Cristian Ignacio Jara Figueroa
Civic Media,Poseidon Ho
Civic Media,Nicholas Grossman
Biomechatronics,Jessica Beltran Ullauri 
Biomechatronics,Joseph Cattell
Biomechatronics,Colin  Roddy 
City Science,Honghao Deng
City Science,Phil Tinn
City Science,Takahiro Kawahara
Collective Learning,Bogang Jun
Collective Learning,Diana Orghian
Collective Learning,Kevin Zeng Hu
Collective Learning,Pierre Alexandre Balland
Collective Learning,Aamena Alshamsi
Collective Learning,Andrea Margit
Collective Learning,Teresa Farinha
Collective Learning,Isabella Loaiza-Saa
Collective Learning,Almaha Almalki
Collective Learning,Sanjay Guruprasad
Collective Learning,Pablo Andres Astudillo
Civic Media,Muhammad Hashmi
Civic Media,Matthew Stempeck
Civic Media,Jude Mwenda Ntabathia
Biomechatronics,Emilie Revol
Biomechatronics,Alexander Harding
Biomechatronics,Kipp Bradford
Biomechatronics,Luke Mooney
Biomechatronics,Christophe Everarts
Biomechatronics,David Moinina Sengeh
Biomechatronics,Matt Furtney
Biomechatronics,David Calley
City Science,Luis Alberto Alonso Pastor
City Science,Ronan Doorley
Collective Learning,Tarik Roukny Ornia
Collective Learning,Xiaojiao Chen
Collective Learning,Cristian Esteban Candia Vallejos
Collective Learning,Takahito Ito
Biomechatronics,Oliver A Kannape
Biomechatronics,Reza Safai-Naeeni
Biomechatronics,Jean-Francois Duval
City Science,Chrisoula Kapelonis
City Science,J. Ira Winder
City Science,Hasier Larrea
City Science,Laya Anasu
Human Dynamics,Isabella Loaiza-Saa
Collective Learning,Daniel Smilkov
Collective Learning,Phil Salesses
Collective Learning,Manuel Aristaran
Collective Learning,Alexander Radebach
Collective Learning,Juan Rocha Gordo
Collective Learning,Jian Gao
Collective Learning,Mirela Petkova
Collective Learning,Mary Kaltenberg
Biomechatronics,Max Berniker
Biomechatronics,Madeleine Abromowitz
Biomechatronics,Aaron Jaeger
Biomechatronics,Andrea Chew
Biomechatronics,Aaron M. Dollar
Biomechatronics,Chanikarn Wongviriyawong
Human Dynamics,Abhimanyu Dubey
Human Dynamics,Toshihiro Koda
Human Dynamics,Julius Olufunso Akinyemi
Human Dynamics,Emmanuel Letouze
Human Dynamics,Peter Krafft
Human Dynamics,Jeremy Jones
Human Dynamics,Nadav Aharony
Human Dynamics,Eric Agredo
Human Dynamics,Hancheng Cao
Human Dynamics,Luc Rocher
Collective Learning,Liaoliao Duan
Collective Learning,Dominik Hartmann
Collective Learning,Amy Yu
Collective Learning,Jermain Christopher Kaminski
Collective Learning,Nikita Pestrov
Biomechatronics,Jared Markowitz
Biomechatronics,Diana S. Young
Biomechatronics,Christopher Barnhart
Biomechatronics,Grant Elliott
Biomechatronics,Hartmut Geyer
Biomechatronics,Elliott Rouse
Biomechatronics,Matthew Williams
Biomechatronics,Lee Magnusson
Biomechatronics,Nathan Villagaray-Carski
Molecular Machines,James Weis
Human Dynamics,Remo Frey
Human Dynamics,Florimond Houssiau
Human Dynamics,Yoshihiko Suhara
Human Dynamics,Cyril de Bodt
Human Dynamics,Shen Zhou
Human Dynamics,Tommy Nguyen
Human Dynamics,Guy Zyskind
Collective Learning,Miguel Guevara
Collective Learning,Talia Kaufmann
Collective Learning,Deepak Jagdish
Collective Learning,Alexander James Gaspar Simoes
Collective Learning,Wen Cheng
Living Mobile,Chris Schmandt
Affective Computing,Judy Hanwen Shen
Molecular Machines,Test Plain
Molecular Machines,Joseph M. Jacobson
Molecular Machines,Maksym Korablyov
Molecular Machines,Aditya Khosla
Molecular Machines,Lior Aharoni
Molecular Machines,Kfir Schreiber
Molecular Machines,Lisa Nip
Molecular Machines,Noah Jakimo
Molecular Machines,Pranam Chatterjee
Molecular Machines,Thrasyvoulos Karydis
Molecular Machines,Christopher Emig
Molecular Machines,Jaebum Joo
Human Dynamics,Henrik Sandell
Living Mobile,Andres Calvo
Living Mobile,Anna Fuste
Living Mobile,Cindy Hsin-Liu Kao
Living Mobile,Deborah Ajilo
Affective Computing,Rosalind W. Picard
Affective Computing,Weixuan 'Vincent' Chen
Affective Computing,Szymon Fedor
Affective Computing,Asma Ghandeharioun
Affective Computing,Javier Hernandez
Affective Computing,Daniel Lopez Martinez
Affective Computing,Natasha Jaques
Molecular Machines,Jelena Mandic
Molecular Machines,Kimin Jun
Human Dynamics,Galen Pickard
Mediated Matter,Viirj Kan
Living Mobile,Kristin Hall
Living Mobile,Manisha Mohan
Living Mobile,Dhruv Jain
Living Mobile,Dong Ho Lee
Living Mobile,Hye Soo Yang
Affective Computing,Kristy Johnson
Human Dynamics,Inas Khayal
Human Dynamics,Taemie Kim
Human Dynamics,Julie Hall
Human Dynamics,Alex 'Sandy' Pentland
Human Dynamics,Alejandro Noriega Campero
Human Dynamics,Esteban Moro Egido
Human Dynamics,Chuang Deng
Human Dynamics,Theresa Hagen
Human Dynamics,Keeley Erhardt
Human Dynamics,Juye Lu
Human Dynamics,Abdulrahman Alotaibi
Mediated Matter,Julian Leland
Mediated Matter,Yen-Ju (Tim) Tai
Mediated Matter,Levi Cai
Mediated Matter,Daniel Lizardo
Mediated Matter,Chikara Inamura
Mediated Matter,Steven Keating
Living Mobile,Matthew Chang
Living Mobile,Wu-Hsi Li
Living Mobile,Yael Friedman
Affective Computing,Mary Heanue
Affective Computing,Ehi Nosakhare
Affective Computing,Fengjiao Peng
Affective Computing,Ognjen (Oggi) Rudovic
Affective Computing,Akane Sano
Affective Computing,Sara Taylor
Affective Computing,Oliver Saunders Wilder
Affective Computing,Terumi Umematsu
Affective Computing,Savio Wong
Human Dynamics,Eaman Jahani
Human Dynamics,Abdullah M. Almaatouq
Human Dynamics,Dan Calacci
Human Dynamics,Dhaval Adjodah
Human Dynamics,Oren Lederman
Human Dynamics,Yan Leng
Human Dynamics,Shi Kai Chong
Human Dynamics,Yuan Yuan
Human Dynamics,Kumaresh Krishnan
Human Dynamics,Michiel Bakker
Human Dynamics,Yi Sun
Human Dynamics,Yang Qi
Human Dynamics,Shahar Somin
Human Dynamics,Eduardo Castello Ferrer
Camera Culture,Lindsey Reynolds
Personal Robots,Blakeley H. Payne
Mediated Matter,Sunanda Sharma
Mediated Matter,Neri Oxman
Mediated Matter,Joao Pedro Goncalves Marins Costa
Mediated Matter,Jorge Duro-Royo
Mediated Matter,Christoph Bader
Mediated Matter,Rachel Smith
Mediated Matter,Joshua Van Zak
Affective Computing,Eiji Yoshida
Affective Computing,Victor Moran Rodriguez
Affective Computing,Agata Lapedriza Garcia
Affective Computing,Sebastian Zepf
Affective Computing,Yadid Ayzenberg
Human Dynamics,Shada Alsalamah
Human Dynamics,Haijing Hao
Human Dynamics,William Graylin
Human Dynamics,Brian Sweatt
Human Dynamics,Yehonatan Sella
Camera Culture,Aymar Guespereau
Camera Culture,Pratik Shah
Camera Culture,Ayush Bhandari
Camera Culture,Achuta Kadambi
Camera Culture,Ramesh Raskar
Camera Culture,Guy Satat
Camera Culture,Otkrist Gupta
Camera Culture,Maggie Cohen
Camera Culture,Tristan Swedish
Camera Culture,Aman Rana
Camera Culture,Perikumar Javia
Camera Culture,Gaurav Bhatia
Camera Culture,Keith Angelino
Camera Culture,Barmak Heshmat Dehkordi
Camera Culture,Nikhil Naik
Camera Culture,Gregory Yauney
Camera Culture,Beth Zonis
Camera Culture,Anshuman Das
Camera Culture,Mrinal Mohit
Personal Robots,Louis Gomez
Personal Robots,Polly R. Guggenheim
Personal Robots,Cynthia Breazeal
Personal Robots,Hae Won Park
Personal Robots,Jacqueline M Kory Westlund
Personal Robots,Samuel Spaulding
Personal Robots,Sooyeon Jeong
Personal Robots,Stefania Druga
Mediated Matter,Michael Stern
Mediated Matter,James Weaver
Responsive Environments,Gustavo Correa
Affective Computing,Karthik Dinakar
Affective Computing,Luis Donatiu Vinas
Affective Computing,Yoshihiko Suhara
Human Dynamics,Bjoern Eskofier
Human Dynamics,Gabriel Teninbaum
Human Dynamics,Jose Balsa Barreiro
Human Dynamics,Khaled Al-Ghoneim
Human Dynamics,Takeo Nishikata
Human Dynamics,Yang Qiao
Human Dynamics,Alfredo Morales-Guzman
Human Dynamics,Dazza J. Greenwood
Human Dynamics,Erez Shmueli
Human Dynamics,Yves-Alexandre de Montjoye
Personal Robots,Randi Williams
Personal Robots,Pedro Reynolds-Cuellar
Mediated Matter,Natalia Casas
Mediated Matter,Andrea Ling
Mediated Matter,Barrak Darweesh
Mediated Matter,Nicolas Hogan
Mediated Matter,Jean Disset
Mediated Matter,Alexander Goldman
Mediated Matter,Benjamin Peters
Mediated Matter,David Pigram
Mediated Matter,Elizabeth Tsai
Mediated Matter,Federico Mazzolini
Mediated Matter,Jeff I. Lieberman
Mediated Matter,Michal Firstenberg
Mediated Matter,Yoav Sterman
Mediated Matter,Sarah B. Ryan
Mediated Matter,Zjenja Doubrovski
Responsive Environments,Irmandy Wicaksono
Affective Computing,Sharon Tam
Human Dynamics,Cameron Kerry
Human Dynamics,Francisco Prieto Castrillo
Human Dynamics,Yaniv Altshuler
Human Dynamics,Todd Reid
Human Dynamics,Hossein Rahnama
Human Dynamics,John Clippinger
Human Dynamics,Joost Bonsen
Personal Robots,Ishaan Grover
Personal Robots,Safinah Arshad Ali
Personal Robots,Huili Chen
Personal Robots,Nikhita Singh
Synthetic Neurobiology,John Sherwood
Opera of the Future,Tod Machover
Responsive Environments,Shigeru Iino
Responsive Environments,Joseph A. Paradiso
Responsive Environments,Caroline Jaffe
Responsive Environments,Artem Dementyev
Responsive Environments,Ariel Ekblaw
Affective Computing,Kyunghee Kim
Affective Computing,Thomas Osgood
Human Dynamics,Yaneer Bar-Yam
Human Dynamics,Vivek K. Singh
Human Dynamics,Xiaowen Dong
Personal Robots,Anastasia Ostrowski
Personal Robots,Jordi Albo-Canals
Personal Robots,Jin Joo Lee
Personal Robots,Nick DePalma
Personal Robots,Roberto Pieraccini
Synthetic Neurobiology,Fahim Farzadfard
Opera of the Future,Priscilla Capistrano
Opera of the Future,Sizi Chen
Opera of the Future,Benjamin Bloomberg
Opera of the Future,Rebecca Kleinberger
Opera of the Future,Charles Holbrow
Opera of the Future,Nicole L'Huillier
Opera of the Future,Alexandra Rieger
Responsive Environments,David Ramsay
Responsive Environments,Amna Cavalic-Carreiro
Responsive Environments,Gershon Dublon
Responsive Environments,Brian Mayton
Responsive Environments,Halsey Burgund
Responsive Environments,Don Derek Haddad
Responsive Environments,Juliana Cherston
Affective Computing,Rashmi Karki
Affective Computing,Hyungil Ahn
Affective Computing,Raul Fernandez
Affective Computing,Winslow S. Burleson
Affective Computing,Ashish Kapoor
Affective Computing,Carson J. Reynolds
Affective Computing,Grace Leslie
Affective Computing,Miriam Mish Madsen
Affective Computing,Allison Rojas
Affective Computing,Sheng-Ying (Aithne) Pao
Affective Computing,Jocelyn C. Riseberg
Human Dynamics,Christopher Wren
Personal Robots,Tinsley Galyean
Personal Robots,Adina Roth
Personal Robots,Mirko Gelsomini
Synthetic Neurobiology,Emma Towlson
Opera of the Future,David Su
Opera of the Future,Hane Lee
Opera of the Future,Nikhil Singh
Opera of the Future,Akito Oshiro van Troyer
Opera of the Future,Thomas Sanchez Lengeling
Opera of the Future,Elena Jessop
Opera of the Future,Ariane Martins
Opera of the Future,Joseph Chung
Opera of the Future,Christopher Full
Opera of the Future,Peter A. Torpey
Opera of the Future,Sarah Platte
Responsive Environments,Glorianna Davenport
Responsive Environments,Nan Zhao
Responsive Environments,Nan-wei Gong
Responsive Environments,Katia Vega
Responsive Environments,Mark Feldmeier
Responsive Environments,Spencer Russell
Responsive Environments,Susanne Seitinger
Responsive Environments,Robert Richer
Affective Computing,Hoda Eydgahi
Affective Computing,Yuta Kuboyama
Affective Computing,Barry Kort
Personal Robots,Goren Gordon
Personal Robots,Guy Hoffman
Personal Robots,Michal Gordon
Personal Robots,Palash Nandy
Personal Robots,Philipp Robbel
Personal Robots,Luke Plummer
Personal Robots,Young Dae Ko
Personal Robots,Sigurdur Orn Adalgeirsson
Personal Robots,Meng Xi
Personal Robots,Adam M. Whiton
Synthetic Neurobiology,Alexi Choueiri
Opera of the Future,Simone Ovsey
Opera of the Future,Tristan Jehan
Opera of the Future,Eyal Shahar
Opera of the Future,Hugo Solis Garcia
Opera of the Future,Diana Robinson
Opera of the Future,Alex McDowell
Opera of the Future,Alexander Goldman
Opera of the Future,Bryn Bliska
Opera of the Future,Craig Lewiston
Opera of the Future,David M. Sachs
Responsive Environments,Sara Remsen
Responsive Environments,Akiko Fujise
Responsive Environments,Asaph Azaria
Responsive Environments,Vasant Ramasubramanian
Responsive Environments,Yoav Reches
Responsive Environments,Evan Lynch
Responsive Environments,Matthew Aldrich
Responsive Environments,Clement Duhart
Responsive Environments,Eunyoung Lim
Responsive Environments,Pragun Goyal
Responsive Environments,Qiansheng Li
Responsive Environments,Michael Lapinski
Responsive Environments,Peiyong Xia
Responsive Environments,Paul Strohmeier
Responsive Environments,Abdulganiyu Ajilore
Affective Computing,Robert A. Reilly
Affective Computing,Chia-Hsun (Jackie) Lee
Affective Computing,M. Ehsan Hoque
Affective Computing,Seth T. Raphael
Affective Computing,Micah Eckhardt
Affective Computing,Matthew S. Goodwin
Affective Computing,Alea C. Teeters
Affective Computing,Robert R. Morris
Affective Computing,Rana El Kaliouby
Affective Computing,Craig Ferguson
Affective Computing,Pablo Egana Del Sol
Affective Computing,Ming-Zher Poh
Affective Computing,Hyungil Ahn
Affective Computing,Austin Jones
Affective Computing,Daniel Bender
Affective Computing,Michel Valstar
Affective Computing,M. Alex O. Vasilescu
Affective Computing,Rui Zhang
Affective Computing,Nikolaos L. Mavridis
Affective Computing,Seoungjae Yoo
Affective Computing,Youngsun Yoon
Personal Robots,Adam Setapen
Personal Robots,Andrea L. Thomaz
Personal Robots,Jason B. Alonso
Personal Robots,Jesse Gray
Personal Robots,Junichi Funada
Personal Robots,Kenton Williams
Personal Robots,Kristopher Bernardo Dos Santos
Personal Robots,Matthew Berlin
Personal Robots,Natalie Freed
Synthetic Neurobiology,Mark Halko
Synthetic Neurobiology,Jeannie Stamberger
Synthetic Neurobiology,Jian-Ping Zhao
Synthetic Neurobiology,Cipriano Romero
Synthetic Neurobiology,Eghbal Hosseini
Synthetic Neurobiology,Brian D. Allen
Synthetic Neurobiology,Ophir Gaathon
Synthetic Neurobiology,Cynthia Smith
Synthetic Neurobiology,Pranam Chatterjee
Opera of the Future,Debbie Gifford
Opera of the Future,Jihyon Kim
Opera of the Future,Kristin Gallas
Opera of the Future,Marc Downie
Opera of the Future,Mary Farbood
Opera of the Future,Nicholas Knouf
Opera of the Future,Noah Feehan
Opera of the Future,Rachel T. Elkin
Opera of the Future,Roberto M. Aimi
Opera of the Future,Sarah B. Ryan
Opera of the Future,Steven L. Pliam
Responsive Environments,Yang Wang
Responsive Environments,Alexander Reben
Responsive Environments,Bo Morgan
Responsive Environments,Clemens Satzger
Responsive Environments,Eric Berkson
Responsive Environments,Eun Dong Shin
Responsive Environments,Gerardo Barroeta Perez
Responsive Environments,Juergen Steimle
Responsive Environments,LaeYoung Kim
Responsive Environments,Nicholas Gillian
Synthetic Neurobiology,Monique Kauke
Synthetic Neurobiology,Shannon Johnson
Synthetic Neurobiology,Zeguan Wang
Synthetic Neurobiology,Edward Boyden
Synthetic Neurobiology,Kosuke Katano
Synthetic Neurobiology,Holly Birns
Synthetic Neurobiology,Tay Won Shin
Synthetic Neurobiology,Adam Marblestone
Synthetic Neurobiology,Aimei Yang
Synthetic Neurobiology,Alexander Wissner-Gross
Synthetic Neurobiology,Amauche Emenari
Synthetic Neurobiology,Andrew Payne
Synthetic Neurobiology,Annabelle Singer
Responsive Environments,Phil London
Responsive Environments,Ryan P. Aylward
Responsive Environments,Sara Pfenninger
Responsive Environments,Yoshihiro Kawahara
Synthetic Neurobiology,Anubhav Sinha
Synthetic Neurobiology,Asmamaw Wassie
Synthetic Neurobiology,Brian D. Allen
Synthetic Neurobiology,Caroline Moore-Kochlacs
Synthetic Neurobiology,Changyang Linghu
Synthetic Neurobiology,Charlotte Gopinath
Synthetic Neurobiology,Christian Wentz
Synthetic Neurobiology,Colton Hicks
Synthetic Neurobiology,Daniel Goodwin
Synthetic Neurobiology,Daniel Estandian
Synthetic Neurobiology,Daniel Oran
Synthetic Neurobiology,Darren Orbach
Synthetic Neurobiology,David Rolnick
Synthetic Neurobiology,Deblina Sarkar
Synthetic Neurobiology,Demian Park
Synthetic Neurobiology,Desiree Dudley
Synthetic Neurobiology,Doug Weston
Synthetic Neurobiology,Emmanouil Karagiannis
Synthetic Neurobiology,Erica Jung
Synthetic Neurobiology,Fei Chen
Synthetic Neurobiology,Giovanni Talei Franzesi
Synthetic Neurobiology,Grace Huynh
Synthetic Neurobiology,Guangyu Xu
Synthetic Neurobiology,Harbaljit S Sohal
Synthetic Neurobiology,Ho-Jun Suk
Synthetic Neurobiology,Ingrid van Welie
Synthetic Neurobiology,Ishan Gupta
Synthetic Neurobiology,Jacob Bernstein
Synthetic Neurobiology,Jay Yu
Synthetic Neurobiology,Jeong Seuk Kang
Synthetic Neurobiology,Joel Dapello
Synthetic Neurobiology,Jorg Scholvin
Synthetic Neurobiology,Justin Kinney
Synthetic Neurobiology,Katarzyna Adamala
Synthetic Neurobiology,Kettner Griswold Jr.
Synthetic Neurobiology,Kiryl Piatkevich
Synthetic Neurobiology,Limor Freifeld
Synthetic Neurobiology,Linyi Gao
Synthetic Neurobiology,Lisa S. Lieberson
Synthetic Neurobiology,Michael Henninger
Synthetic Neurobiology,Michael A. Skuhersky
Synthetic Neurobiology,Newton Howard
Synthetic Neurobiology,Nicholas Barry
Synthetic Neurobiology,Nickolaos Savidis
Synthetic Neurobiology,Nikita Pak
